id,title,score,num_comments,author,created_utc,url,over_18,edited,spoiler,stickied
1nmw03j,Ok folks ... H1b visa's now cost 100k .. is the data engineering role affected?,87,125,TheOverzealousEngie,2025-09-21 16:10:09,https://www.reddit.com/r/dataengineering/comments/1nmw03j/ok_folks_h1b_visas_now_cost_100k_is_the_data/,False,False,False,False
1nn0utp,"Tried Great Expectations but the docs were shit, but do I even need a tool?",20,21,Verzuchter,2025-09-21 19:16:13,https://www.reddit.com/r/dataengineering/comments/1nn0utp/tried_great_expectations_but_the_docs_were_shit/,False,False,False,False
1nmxctm,IBM Data Engineering Coursera,17,16,No-Mobile9763,2025-09-21 17:02:57,https://www.reddit.com/r/dataengineering/comments/1nmxctm/ibm_data_engineering_coursera/,False,False,False,False
1nmkw5l,Anyone using Rivery?,11,10,br5159,2025-09-21 06:43:13,https://www.reddit.com/r/dataengineering/comments/1nmkw5l/anyone_using_rivery/,False,False,False,False
1nmyznp,Which Data Catalog Product is the best?,8,13,M0UNTANAL0GUE,2025-09-21 18:05:38,https://www.reddit.com/r/dataengineering/comments/1nmyznp/which_data_catalog_product_is_the_best/,False,False,False,False
1nn7x1v,I made an open source node-based ETL repo that connects to embeddable dashboards,6,1,Acceptable_Ad_4425,2025-09-22 00:12:29,https://www.reddit.com/gallery/1nn7x1v,False,False,False,False
1nnbp7h,Snowflake courses/training recommendations for DE? :),1,1,ndthuyduong,2025-09-22 03:16:25,https://www.reddit.com/r/dataengineering/comments/1nnbp7h/snowflake_coursestraining_recommendations_for_de/,False,False,False,False
1nnchyu,Data extraction - Salesforce into Excel,1,0,Juicebox5150,2025-09-22 03:58:36,https://www.reddit.com/r/dataengineering/comments/1nnchyu/data_extraction_salesforce_into_excel/,False,False,False,False
1nmnexc,Streaming problem,0,1,Comfortable-Cake537,2025-09-21 09:21:07,https://www.reddit.com/r/dataengineering/comments/1nmnexc/streaming_problem/,False,False,False,False
